ts	id	kind	phase	status	statement	why	rejected	undo	confirm	by	owner	evidence	depends	note
2026-09-23T03:44:21Z	D1	decision	reproduce	active	Treat held browser prompt behind idle headless-session attach as the defect	User screenshot shows prompt-needs-attention card; record shows managed-input attempt 0 held while attachment alive without managed-input-v1 capability	page-load failure (page renders; artifact loads)	rm -rf .scratch/held-prompt	-	kevin	-	/Users/kevin/.lucid/records/2026-09-23/log.ndjson:20	-	-
2026-09-23T03:44:21Z	A1	assumption	reproduce	open	The parked lucid run pid 64116 stays alive for the session; no fix lands until repair	Killing it would unblock the user now but destroy the live reproduction	-	-	ps -p 64116 before each phase	kevin	kevin	-	-	-
2026-09-23T03:47:33Z	E1	event	reproduce	done	Causal chain traced: parked run holds presence, blocks managed worker, prompt held	runHeadless awaits handle.done (runtime.ts:849); parked pid 64116 alive 1h47m; reconciler skips records with presence held (managed-launch.ts:presenceHeld!==false); executionViews holds requested input when attachment alive without managed-input-v1 (execution-view.ts:43-50); parked attach has no capabilities	-	-	-	-	-	src/cli/runtime.ts:849; src/server/managed-launch.ts; src/protocol/execution-view.ts:43-50; /Users/kevin/.lucid/records/2026-09-23/log.ndjson	-	-
2026-09-23T03:51:23Z	E2	event	phase-1-loop	done	Phase 1 loop red: conversation API shows held prompt with no turn running	curl /api/conversations/2026-09-23 returns executions[0].status held E-HUB-03 with activity.turn false, activity.waiting 1; same verdict across two runs 8 min apart while pid 64116 alive	-	-	-	-	-	executions browser-547be336 attempt 0 held; activity turn:false inFlight:0 waiting:1; ps pid 64116 ELAPSED 01:47:19	-	-
2026-09-23T04:11:04Z	E3	event	red	done	RED: idle-session held text test fails with current reason string	bun test test/server/server.test.ts -t 'held prompt': idle case fails expecting idle text, receives 'Wait for it to exit'; working-turn case passes	-	-	-	-	-	test/server/server.test.ts:671	-	-
2026-09-23T04:12:46Z	E4	event	green	done	GREEN: idle held text via optional turnActive param; both RED tests pass	executionViews takes optional turnActive (default preserves old text); server computes turnActive once and shares it with activity.turn; protocol unit covers idle/working/unknown	-	-	-	-	-	src/protocol/execution-view.ts; src/server/server.ts; 50 pass 0 fail across compatibility-projection + server suites	-	-
2026-09-23T04:20:07Z	E5	event	verify	done	Full check green except 2 flaky worker-process failures, green on rerun	bun run check: 1810 pass 2 fail in managed-worker-process; isolated rerun 3 pass; two further full runs 1812 pass 0 fail; diff touches execution-view + server only, no worker code	-	-	-	-	-	.scratch/held-prompt/full-run.log: 1812 pass 0 fail; lint clean; tsc clean	-	-
2026-09-23T04:22:34Z	D2	decision	rfc-31	active	File RFC 31 as draft, no lifecycle implementation	B needs proposal review per repo RFC workflow; draft records evidence, design sketch, alternatives, and open terminal-ownership question	implementing release in this run (needs RFC review first)	delete docs/rfc/31_idle-headless-session-release.rfc.md and revert README hunk	-	kevin	-	docs/rfc/31_idle-headless-session-release.rfc.md	-	-
2026-09-23T04:22:35Z	E6	event	done	done	Predicate holds: idle held text ships with regression tests; RFC 31 filed	50 pass 0 fail on touched suites; lint+typecheck clean; full suite 1812 pass 0 fail twice; no commit per authorization	-	-	-	-	-	ledger E1-E5; .scratch/held-prompt/full-run.log	-	-
